Model,Average Score
GANBLR,0.8927368128463107
GANBLR++,0.8918648840769905
RLiG,0.889451795956061
CTABGAN,0.8384544054389036
TABSYN,0.6098183690580344
CTGAN,0.5797023093467483
NB,0.5778128645377659
GREAT,0.24243310731991832
